Index,KernelName,gpu-id
0,"void init_kernel<double>(double*, double const*, double const*, double const*, unsigned long, bool) ",2
1,"void init_kernel<double>(double*, double const*, double const*, double const*, unsigned long, bool) ",2
2,"void init_kernel<double>(double*, double const*, double const*, double const*, unsigned long, bool) ",2
3,"void init_kernel<double>(double*, double const*, double const*, double const*, unsigned long, bool) ",2
4,"void init_kernel<double>(double*, double const*, double const*, double const*, unsigned long, bool) ",2
5,"void init_kernel<double>(double*, double const*, double const*, double const*, unsigned long, bool) ",2
6,"void init_kernel<double>(double*, double const*, double const*, double const*, unsigned long, bool) ",2
7,"void init_kernel<double>(double*, double const*, double const*, double const*, unsigned long, bool) ",2
8,"void init_kernel<double>(double*, double const*, double const*, double const*, unsigned long, bool) ",2
9,"void init_kernel<double>(double*, double const*, double const*, double const*, unsigned long, bool) ",2
10,"void init_kernel<double>(double*, double const*, double const*, double const*, unsigned long, bool) ",2
11,"void init_kernel<double>(double*, double const*, double const*, double const*, unsigned long, bool) ",2
12,"void init_kernel<double>(double*, double const*, double const*, double const*, unsigned long, bool) ",2
13,"void init_kernel<double>(double*, double const*, double const*, double const*, unsigned long, bool) ",2
14,"void init_kernel<double>(double*, double const*, double const*, double const*, unsigned long, bool) ",2
15,"void init_kernel<double>(double*, double const*, double const*, double const*, unsigned long, bool) ",2
16,"void init_kernel<double>(double*, double const*, double const*, double const*, unsigned long, bool) ",2
17,"void init_kernel<double>(double*, double const*, double const*, double const*, unsigned long, bool) ",2
18,"void init_kernel<double>(double*, double const*, double const*, double const*, unsigned long, bool) ",2
19,"void init_kernel<double>(double*, double const*, double const*, double const*, unsigned long, bool) ",2
20,"void init_kernel<double>(double*, double const*, double const*, double const*, unsigned long, bool) ",2
21,"void init_kernel<double>(double*, double const*, double const*, double const*, unsigned long, bool) ",2
22,"void init_kernel<double>(double*, double const*, double const*, double const*, unsigned long, bool) ",2
23,"void read_kernel<double>(double*, double const*, double const*, double const*, unsigned long, bool) ",2
24,"void read_kernel<double>(double*, double const*, double const*, double const*, unsigned long, bool) ",2
25,"void read_kernel<double>(double*, double const*, double const*, double const*, unsigned long, bool) ",2
26,"void read_kernel<double>(double*, double const*, double const*, double const*, unsigned long, bool) ",2
27,"void read_kernel<double>(double*, double const*, double const*, double const*, unsigned long, bool) ",2
28,"void read_kernel<double>(double*, double const*, double const*, double const*, unsigned long, bool) ",2
29,"void read_kernel<double>(double*, double const*, double const*, double const*, unsigned long, bool) ",2
30,"void read_kernel<double>(double*, double const*, double const*, double const*, unsigned long, bool) ",2
31,"void read_kernel<double>(double*, double const*, double const*, double const*, unsigned long, bool) ",2
32,"void read_kernel<double>(double*, double const*, double const*, double const*, unsigned long, bool) ",2
33,"void read_kernel<double>(double*, double const*, double const*, double const*, unsigned long, bool) ",2
34,"void read_kernel<double>(double*, double const*, double const*, double const*, unsigned long, bool) ",2
35,"void read_kernel<double>(double*, double const*, double const*, double const*, unsigned long, bool) ",2
36,"void read_kernel<double>(double*, double const*, double const*, double const*, unsigned long, bool) ",2
37,"void read_kernel<double>(double*, double const*, double const*, double const*, unsigned long, bool) ",2
38,"void read_kernel<double>(double*, double const*, double const*, double const*, unsigned long, bool) ",2
39,"void read_kernel<double>(double*, double const*, double const*, double const*, unsigned long, bool) ",2
40,"void read_kernel<double>(double*, double const*, double const*, double const*, unsigned long, bool) ",2
41,"void read_kernel<double>(double*, double const*, double const*, double const*, unsigned long, bool) ",2
42,"void scale_kernel<double>(double*, double const*, double const*, double const*, unsigned long, bool) ",2
43,"void scale_kernel<double>(double*, double const*, double const*, double const*, unsigned long, bool) ",2
44,"void scale_kernel<double>(double*, double const*, double const*, double const*, unsigned long, bool) ",2
45,"void scale_kernel<double>(double*, double const*, double const*, double const*, unsigned long, bool) ",2
46,"void scale_kernel<double>(double*, double const*, double const*, double const*, unsigned long, bool) ",2
47,"void scale_kernel<double>(double*, double const*, double const*, double const*, unsigned long, bool) ",2
48,"void scale_kernel<double>(double*, double const*, double const*, double const*, unsigned long, bool) ",2
49,"void scale_kernel<double>(double*, double const*, double const*, double const*, unsigned long, bool) ",2
50,"void scale_kernel<double>(double*, double const*, double const*, double const*, unsigned long, bool) ",2
51,"void scale_kernel<double>(double*, double const*, double const*, double const*, unsigned long, bool) ",2
52,"void scale_kernel<double>(double*, double const*, double const*, double const*, unsigned long, bool) ",2
53,"void scale_kernel<double>(double*, double const*, double const*, double const*, unsigned long, bool) ",2
54,"void scale_kernel<double>(double*, double const*, double const*, double const*, unsigned long, bool) ",2
55,"void scale_kernel<double>(double*, double const*, double const*, double const*, unsigned long, bool) ",2
56,"void scale_kernel<double>(double*, double const*, double const*, double const*, unsigned long, bool) ",2
57,"void scale_kernel<double>(double*, double const*, double const*, double const*, unsigned long, bool) ",2
58,"void scale_kernel<double>(double*, double const*, double const*, double const*, unsigned long, bool) ",2
59,"void scale_kernel<double>(double*, double const*, double const*, double const*, unsigned long, bool) ",2
60,"void scale_kernel<double>(double*, double const*, double const*, double const*, unsigned long, bool) ",2
61,"void triad_kernel<double>(double*, double const*, double const*, double const*, unsigned long, bool) ",2
62,"void triad_kernel<double>(double*, double const*, double const*, double const*, unsigned long, bool) ",2
63,"void triad_kernel<double>(double*, double const*, double const*, double const*, unsigned long, bool) ",2
64,"void triad_kernel<double>(double*, double const*, double const*, double const*, unsigned long, bool) ",2
65,"void triad_kernel<double>(double*, double const*, double const*, double const*, unsigned long, bool) ",2
66,"void triad_kernel<double>(double*, double const*, double const*, double const*, unsigned long, bool) ",2
67,"void triad_kernel<double>(double*, double const*, double const*, double const*, unsigned long, bool) ",2
68,"void triad_kernel<double>(double*, double const*, double const*, double const*, unsigned long, bool) ",2
69,"void triad_kernel<double>(double*, double const*, double const*, double const*, unsigned long, bool) ",2
70,"void triad_kernel<double>(double*, double const*, double const*, double const*, unsigned long, bool) ",2
71,"void triad_kernel<double>(double*, double const*, double const*, double const*, unsigned long, bool) ",2
72,"void triad_kernel<double>(double*, double const*, double const*, double const*, unsigned long, bool) ",2
73,"void triad_kernel<double>(double*, double const*, double const*, double const*, unsigned long, bool) ",2
74,"void triad_kernel<double>(double*, double const*, double const*, double const*, unsigned long, bool) ",2
75,"void triad_kernel<double>(double*, double const*, double const*, double const*, unsigned long, bool) ",2
76,"void triad_kernel<double>(double*, double const*, double const*, double const*, unsigned long, bool) ",2
77,"void triad_kernel<double>(double*, double const*, double const*, double const*, unsigned long, bool) ",2
78,"void triad_kernel<double>(double*, double const*, double const*, double const*, unsigned long, bool) ",2
79,"void triad_kernel<double>(double*, double const*, double const*, double const*, unsigned long, bool) ",2
80,"void stencil1d3pt_kernel<double>(double*, double const*, double const*, double const*, unsigned long, bool) ",2
81,"void stencil1d3pt_kernel<double>(double*, double const*, double const*, double const*, unsigned long, bool) ",2
82,"void stencil1d3pt_kernel<double>(double*, double const*, double const*, double const*, unsigned long, bool) ",2
83,"void stencil1d3pt_kernel<double>(double*, double const*, double const*, double const*, unsigned long, bool) ",2
84,"void stencil1d3pt_kernel<double>(double*, double const*, double const*, double const*, unsigned long, bool) ",2
85,"void stencil1d3pt_kernel<double>(double*, double const*, double const*, double const*, unsigned long, bool) ",2
86,"void stencil1d3pt_kernel<double>(double*, double const*, double const*, double const*, unsigned long, bool) ",2
87,"void stencil1d3pt_kernel<double>(double*, double const*, double const*, double const*, unsigned long, bool) ",2
88,"void stencil1d3pt_kernel<double>(double*, double const*, double const*, double const*, unsigned long, bool) ",2
89,"void stencil1d3pt_kernel<double>(double*, double const*, double const*, double const*, unsigned long, bool) ",2
90,"void stencil1d3pt_kernel<double>(double*, double const*, double const*, double const*, unsigned long, bool) ",2
91,"void stencil1d3pt_kernel<double>(double*, double const*, double const*, double const*, unsigned long, bool) ",2
92,"void stencil1d3pt_kernel<double>(double*, double const*, double const*, double const*, unsigned long, bool) ",2
93,"void stencil1d3pt_kernel<double>(double*, double const*, double const*, double const*, unsigned long, bool) ",2
94,"void stencil1d3pt_kernel<double>(double*, double const*, double const*, double const*, unsigned long, bool) ",2
95,"void stencil1d3pt_kernel<double>(double*, double const*, double const*, double const*, unsigned long, bool) ",2
96,"void stencil1d3pt_kernel<double>(double*, double const*, double const*, double const*, unsigned long, bool) ",2
97,"void stencil1d3pt_kernel<double>(double*, double const*, double const*, double const*, unsigned long, bool) ",2
98,"void stencil1d3pt_kernel<double>(double*, double const*, double const*, double const*, unsigned long, bool) ",2
99,"void stencil1d5pt_kernel<double>(double*, double const*, double const*, double const*, unsigned long, bool) ",2
100,"void stencil1d5pt_kernel<double>(double*, double const*, double const*, double const*, unsigned long, bool) ",2
101,"void stencil1d5pt_kernel<double>(double*, double const*, double const*, double const*, unsigned long, bool) ",2
102,"void stencil1d5pt_kernel<double>(double*, double const*, double const*, double const*, unsigned long, bool) ",2
103,"void stencil1d5pt_kernel<double>(double*, double const*, double const*, double const*, unsigned long, bool) ",2
104,"void stencil1d5pt_kernel<double>(double*, double const*, double const*, double const*, unsigned long, bool) ",2
105,"void stencil1d5pt_kernel<double>(double*, double const*, double const*, double const*, unsigned long, bool) ",2
106,"void stencil1d5pt_kernel<double>(double*, double const*, double const*, double const*, unsigned long, bool) ",2
107,"void stencil1d5pt_kernel<double>(double*, double const*, double const*, double const*, unsigned long, bool) ",2
108,"void stencil1d5pt_kernel<double>(double*, double const*, double const*, double const*, unsigned long, bool) ",2
109,"void stencil1d5pt_kernel<double>(double*, double const*, double const*, double const*, unsigned long, bool) ",2
110,"void stencil1d5pt_kernel<double>(double*, double const*, double const*, double const*, unsigned long, bool) ",2
111,"void stencil1d5pt_kernel<double>(double*, double const*, double const*, double const*, unsigned long, bool) ",2
112,"void stencil1d5pt_kernel<double>(double*, double const*, double const*, double const*, unsigned long, bool) ",2
113,"void stencil1d5pt_kernel<double>(double*, double const*, double const*, double const*, unsigned long, bool) ",2
114,"void stencil1d5pt_kernel<double>(double*, double const*, double const*, double const*, unsigned long, bool) ",2
115,"void stencil1d5pt_kernel<double>(double*, double const*, double const*, double const*, unsigned long, bool) ",2
116,"void stencil1d5pt_kernel<double>(double*, double const*, double const*, double const*, unsigned long, bool) ",2
117,"void stencil1d5pt_kernel<double>(double*, double const*, double const*, double const*, unsigned long, bool) ",2
